<?xml version="1.0"?>
<pagescount>
	<html_total>3</html_total>
	<html_done>1</html_done>
	<images>211</images>
	<script>1</script>
	<css/>
	<pdf/>
	<documents/>
	<excel/>
	<powerpoint/>
	<flash/>
	<audios>1</audios>
	<videos/>
	<xml/>
	<json/>
	<txt>1</txt>
	<autocad/>
	<fonts>1</fonts>
	<scraping_reload>1</scraping_reload>
	<is_pretty_url>false</is_pretty_url>
	<is_ebn>false</is_ebn>
	<email>rayn.hasan786@gmail.com</email>
	<theme_name>WmdTheme773624</theme_name>
	<server_url_front_page>https://www6.waybackmachinedownloader.com/wdo/files/demo/hpos10i.com_rayn.hasan786_gmail.com_a7zmhcwdtl/</server_url_front_page>
	<no_www_url>hpos10i.com</no_www_url>
	<hosted_domain/>
	<original_archive_url>https://hpos10i.com/</original_archive_url>
	<final_archive_url>https://hpos10i.com/</final_archive_url>
	<front_page_code_date/>
	<total_urls_from_api/>
	<max_reached_live>false</max_reached_live>
	<scrape_other_captures>false</scrape_other_captures>
	<total_size>25428</total_size>
</pagescount>
